MMM,3M Company,175.64,1765580,106.16B,134.64,182.27,179.23,170.96,0.517665572461,0.635415414325,-0.117749841864,55.2183086471
ABT,Abbott Laboratories,41.01,10193600,60.28B,36.00,46.38,43.81,41.03,-0.210317415398,0.162906662447,-0.373224077845,36.8851679187
ABBV,AbbVie,63.36,7405120,103.18B,45.45,68.12,65.58,61.45,-0.385023314935,-0.138218208759,-0.246805106176,35.4022560241
ACN,Accenture plc,110.39,2179430,68.72B,91.40,120.78,113.73,113.38,-0.169854232712,0.159346649017,-0.329200881729,32.5035410855
ATVI,Activision Blizzard,42.29,9226970,31.36B,26.49,44.23,41.13,37.40,0.639865601075,0.443116887255,0.19674871382,56.9634662098
AYI,Acuity Brands Inc,261.40,283858,11.37B,168.33,280.89,270.52,249.46,0.301284920868,2.08471961037,-1.7834346895,32.8039375765
ADBE,Adobe Systems Inc,99.38,2284370,49.52B,71.27,104.16,100.12,95.68,0.819098602323,1.08059508569,-0.261496483366,42.0066031324
AAP,Advance Auto Parts,152.96,1017210,11.25B,131.59,201.24,162.90,157.70,-1.61538720638,-1.42923750409,-0.186149702287,34.6135435442
AES,AES Corp,12.33,4774400,8.13B,8.22,13.08,12.30,11.57,0.104054861659,0.0411392926484,0.0629155690104,50.0892643587
AET,Aetna Inc,115.55,2689690,40.53B,92.42,123.57,117.82,115.11,-0.309665041074,0.0836436625105,-0.393308703584,40.1533920782
AMG,Affiliated Managers Group Inc,144.01,552454,7.76B,115.97,190.74,143.39,153.88,0.118703953213,-0.478745320131,0.597449273344,51.2444184707
AFL,AFLAC Inc,72.40,1838670,29.65B,54.57,74.50,72.91,68.46,0.197136980465,0.297781393881,-0.100644413416,43.2388834903
A,Agilent Technologies Inc,44.88,2000220,14.54B,33.12,48.63,47.30,43.63,-0.18764429307,0.0416721747173,-0.229316467787,31.490220939
APD,Air Products & Chemicals Inc,151.53,1030610,32.81B,114.64,157.84,152.36,144.96,1.50617507268,1.9852133773,-0.479038304622,42.3661962161
AKAM,Akamai Technologies Inc,52.50,2121550,9.17B,39.43,76.39,52.98,53.61,0.262441426908,0.350838859494,-0.0883974325857,41.2534209307
ALK,Alaska Air Group Inc,68.86,1574420,8.48B,54.51,87.17,67.03,69.72,0.718644585281,0.799853126657,-0.0812085413758,55.4340609034
ALB,Albemarle Corp,76.82,1705200,8.63B,41.37,87.29,82.74,74.15,-0.694137911303,-0.354465551933,-0.33967235937,33.6995410947
AA,Alcoa Inc,9.60,17604900,12.63B,6.14,11.50,10.33,9.88,-0.0856893470043,-0.0428259030736,-0.0428634439307,35.4554350152
ALXN,Alexion Pharmaceuticals,124.92,1876730,28.01B,110.56,193.45,131.04,136.69,-1.48875267549,-0.887214348988,-0.601538326506,42.2744926728
ALLE,Allegion,66.83,570202,6.41B,52.95,73.49,71.83,67.47,-0.401442702973,0.0596988524416,-0.461141555415,27.4794711081
AGN,Allergan plc,236.39,3008350,93.60B,195.50,322.68,247.50,246.15,-2.90134291902,-2.30052780112,-0.600815117903,40.4802308092
ADS,Alliance Data Systems,208.66,897564,12.21B,176.63,303.75,214.87,210.71,-0.555168049859,-2.10267795437,1.54750990451,48.2036884403
LNT,Alliant Energy Corp,37.15,2305400,8.45B,27.47,40.99,39.23,37.54,-0.417026318284,-0.439024893193,0.0219985749087,36.1724810572
ALL,Allstate Corp,67.96,1685390,25.24B,56.03,70.38,68.90,67.43,-0.00532725588735,0.0266379220233,-0.0319651779106,40.1053431733
GOOGL,Alphabet Inc Class A,788.48,1610180,541.90B,617.84,813.88,794.11,750.27,4.93791273256,6.84447494239,-1.90656220984,46.9753439547
GOOG,Alphabet Inc Class C,759.66,1465370,522.09B,589.38,789.87,770.18,731.89,3.33154928201,5.52029698334,-2.18874770133,42.0820479162
MO,Altria Group Inc,63.56,5700910,124.20B,52.15,70.15,66.64,64.81,-0.359313126228,-0.270765121651,-0.0885480045765,26.1015290707
AMZN,Amazon.com Inc,760.14,2949810,360.36B,474.00,790.79,763.53,683.28,5.94243181181,6.29953288919,-0.35710107738,46.2088436839
AEE,Ameren Corp,48.06,1485920,11.66B,38.70,54.08,50.78,49.74,-0.578423367792,-0.51635976138,-0.0620636064112,30.8673595977
AAL,American Airlines Group,38.49,10756900,20.40B,24.85,47.09,36.02,35.79,0.925692990903,0.754502678869,0.171190312034,64.2384011898
AEP,American Electric Power,63.71,2318740,31.33B,53.30,71.32,67.02,66.02,-0.75544253852,-0.768931589453,0.0134890509322,34.088824414
AXP,American Express Co,65.12,4535970,60.16B,50.27,78.40,64.99,62.69,0.327116439861,0.372175197679,-0.0450587578182,49.7379023509
AIG,American International Group Inc.,58.67,5788090,62.82B,48.41,64.31,58.05,55.22,0.618150267647,0.842005033281,-0.223854765634,52.0400799222
AMT,American Tower Corp A,110.19,1886350,46.88B,83.07,118.26,115.39,107.70,-0.217047614066,-0.0940987152279,-0.122948898838,34.4373516618
AWK,American Water Works Company Inc,72.49,1310840,12.90B,51.88,85.24,78.26,74.75,-1.25735108323,-1.27218014705,0.0148290638214,32.0061439375
AMP,Ameriprise Financial,99.41,1051440,16.05B,76.00,120.29,97.33,95.19,1.25706778875,1.18857335217,0.0684944365809,55.766433202
ABC,AmerisourceBergen Corp,85.31,2111320,18.32B,73.31,108.18,87.60,83.62,0.0518710798434,0.359051655819,-0.307180575976,39.7354280967
AME,Ametek,47.78,1560730,11.10B,42.82,57.00,48.10,47.99,0.248055972415,0.460647178558,-0.212591206143,41.9634808094
AMGN,Amgen Inc,166.55,2952420,124.64B,130.09,176.64,171.89,157.79,0.915010818954,1.80401471349,-0.889003894536,48.8585546042
APH,Amphenol Corp A,61.29,1212240,18.92B,44.50,62.45,60.35,57.84,0.749258083209,0.805148719485,-0.0558906362762,50.8054113462
APC,Anadarko Petroleum Corp,57.77,4312500,29.49B,28.16,73.87,54.50,50.79,0.943751557891,0.599749544951,0.344002012939,58.9569491411
ADI,Analog Devices Inc.,59.62,2389730,18.33B,47.24,66.91,63.38,58.55,-0.265761414975,0.213187939289,-0.478949354264,28.3384570661
ANTM,Anthem Inc.,126.89,1880010,33.39B,115.63,152.44,128.85,134.51,-1.21789665678,-1.44865451858,0.230757861796,47.7840000251
AON,Aon plc,108.93,986062,28.93B,83.83,112.50,110.11,106.01,0.462707876314,0.272190329192,0.190517547122,61.2936925026
APA,Apache Corporation,59.40,3280420,22.54B,32.20,59.78,51.97,52.28,-0.344018113017,-0.266196420312,-0.0778216927052,39.6556616432
AIV,Apartment Investment & Mgmt,43.83,1240310,6.86B,34.82,46.95,45.01,42.31,0.20167435733,0.193887731149,0.00778662618084,42.053623811
AAPL,Apple Inc.,103.13,33220400,555.71B,89.47,123.82,106.28,101.60,0.975476090285,1.63589028615,-0.660414195861,53.8590505322
AMAT,Applied Materials Inc,28.86,12632700,31.19B,14.29,30.41,28.05,23.45,1.08399008515,0.993095176117,0.0908949090292,73.9429058374
ADM,Archer-Daniels-Midland Co,42.02,2898970,24.45B,29.86,47.03,43.72,40.48,-0.12287681886,-0.04107519248,-0.0818016263798,38.4508495762
AJG,Arthur J. Gallagher & Co.,49.17,1154930,8.70B,35.96,50.49,49.29,46.51,0.143279032022,0.109427391115,0.0338516409073,57.4160835577
AIZ,Assurant Inc,89.23,386884,5.37B,64.36,90.33,86.51,83.33,1.14886486882,0.983637545666,0.165227323154,61.9268418365
T,AT&T Inc,39.71,20884700,244.30B,31.85,43.89,42.01,40.17,-0.444334506577,-0.395274311503,-0.0490601950735,26.0440164725
ADSK,Autodesk Inc,66.84,1718890,14.83B,41.60,69.21,62.86,58.52,2.16084294816,2.18604218683,-0.0251992386668,60.9619983653
ADP,Automatic Data Processing,86.57,1799310,39.49B,76.65,96.00,90.26,89.18,-0.298707665861,-0.430627738111,0.13192007225,53.4888836595
AN,AutoNation Inc,47.16,1121270,4.81B,40.45,65.51,49.26,48.86,-0.343540949179,-0.424788523934,0.0812475747549,41.1858706899
AZO,AutoZone Inc,722.44,232191,21.12B,681.01,819.54,780.66,779.22,-17.5841677296,-13.4680711416,-4.11609658803,18.5562219753
AVGO,Avago Technologies,160.78,2535270,63.67B,111.53,179.42,170.29,155.91,3.48989797826,3.76808533092,-0.27818735266,65.7170536568
AVB,AvalonBay Communities Inc.,169.69,760008,23.30B,160.66,192.29,179.53,180.62,-1.63617518758,-1.53906435782,-0.0971108297527,33.7009348468
AVY,Avery Dennison Corp,75.33,683325,6.69B,55.29,79.27,77.41,73.90,0.143309495299,0.369054448766,-0.225744953467,38.0419427941
BHI,Baker Hughes Inc,49.14,3297830,21.03B,37.58,58.23,48.90,46.05,0.526605952361,0.827479540553,-0.300873588193,47.8295512668
BLL,Ball Corp,77.80,2193430,13.55B,60.30,81.25,77.56,72.83,0.979502100123,1.37976645593,-0.400264355805,45.4544554507
BAC,Bank of America Corp,15.74,91099696,165.53B,10.99,18.09,15.05,14.07,0.434397122932,0.380910994985,0.0534861279473,71.0710061353
BCR,Bard (C.R.) Inc.,213.55,432219,15.69B,172.21,239.43,221.27,215.90,-1.55175803737,-2.22640263044,0.674644593065,50.3945187316
BAX,Baxter International Inc.,45.09,3881510,24.52B,32.18,49.49,47.51,44.28,-0.468874410403,-0.203555219822,-0.265319190581,27.6092909377
BBT,BB&T Corporation,38.20,4070030,31.11B,29.95,39.47,37.59,35.45,0.31219095346,0.359772341238,-0.0475813877781,58.2681066045
BDX,Becton Dickinson,171.00,834245,36.41B,128.87,178.79,175.01,164.90,0.460354914163,0.741867256197,-0.281512342034,36.6091780596
BBBY,Bed Bath & Beyond,43.48,2461000,6.57B,41.15,62.78,45.17,46.04,0.118346538557,0.32994120508,-0.211594666524,37.1100087611
BRK-B,Berkshire Hathaway,146.62,3302470,,123.55,151.05,147.05,143.18,0.862961544706,1.158468727,-0.29550718229,42.2012787576
BBY,Best Buy Co. Inc.,36.87,5553300,11.83B,25.31,40.58,35.43,32.65,1.67150401777,1.40411863622,0.267385381544,68.7956393199
BIIB,BIOGEN IDEC Inc.,296.10,1908470,64.88B,223.02,333.65,307.85,272.80,2.46562615474,5.02916319861,-2.56353704387,41.2844228708
BLK,BlackRock,362.18,557314,59.57B,280.55,376.65,369.04,351.48,1.56617361361,2.73637236028,-1.17019874667,40.4525287283
HRB,Block H&R,21.94,3484330,4.81B,19.18,37.53,23.62,24.04,-0.553318421348,-0.308938764787,-0.244379656561,36.0126477849
BA,Boeing Company,128.53,3522150,80.18B,102.10,150.59,132.84,130.05,-0.477809104904,-0.17596854819,-0.301840556714,37.3047367674
BWA,BorgWarner,34.14,2397410,7.32B,27.52,48.64,33.93,34.16,0.396243673064,0.413823010897,-0.0175793378331,61.3083648814
BXP,Boston Properties,135.22,695722,20.78B,107.28,144.02,141.21,130.43,0.493516400003,0.972650282229,-0.479133882226,54.0195064301
BSX,Boston Scientific,23.51,9061340,31.99B,15.67,24.79,24.04,21.70,0.0762939650402,0.102937738431,-0.0266437733905,41.7261886129
BMY,Bristol-Myers Squibb,55.66,10689600,93.00B,55.11,77.12,63.55,67.99,-2.91458024428,-3.20091440207,0.286334157791,24.4877721422
BF-B,Brown-Forman Corporation,45.58,1081880,,45.01,54.56,49.39,48.80,-13.3398464666,-10.762130549,-2.5777159176,9.62546537392
CHRW,C. H. Robinson Worldwide,68.90,1431850,9.83B,59.71,76.10,69.62,72.06,-0.0652702837541,-0.150037863827,0.084767580073,42.4861744303
CA,CA Inc.,33.07,2269810,13.85B,25.18,34.99,34.14,32.05,-0.0388067066747,0.0428382389934,-0.0816449456682,35.9033715242
COG,Cabot Oil & Gas,26.06,4874030,12.12B,14.88,26.74,24.74,23.83,0.187286733008,0.108347317852,0.0789394151556,59.2829022556
CPB,Campbell Soup,54.95,1886720,16.92B,47.77,67.89,60.51,62.56,-1.52828588045,-1.07922841093,-0.449057469516,22.7611310165
COF,Capital One Financial,71.65,3935820,36.66B,58.03,81.62,68.71,68.88,1.1556563894,0.962255144408,0.193401244993,64.4118464188
CAH,Cardinal Health Inc.,78.81,2048310,25.11B,73.25,91.23,82.12,80.94,-0.731603549711,-0.338218379841,-0.393385169869,36.1493562899
KMX,Carmax Inc,55.23,2566940,10.58B,41.25,62.96,58.79,53.01,0.391596719791,0.756349767861,-0.36475304807,36.261676477
CCL,Carnival Corp.,44.37,4786340,33.06B,40.52,55.77,46.43,47.91,-0.242667875895,0.101142132441,-0.343810008336,36.0153981728
CAT,Caterpillar Inc.,80.79,4281770,47.20B,56.36,84.73,82.64,76.69,0.167779475875,0.442171446555,-0.27439197068,42.4147320034
CBG,CBRE Group,27.87,2937190,9.34B,22.74,38.49,29.29,28.66,0.100841713484,0.264181480737,-0.163339767252,34.6852555008
CBS,CBS Corp.,51.91,3705100,23.08B,38.51,58.22,52.38,53.56,-0.186493621045,-0.355993764396,0.169500143351,46.8968244721
CELG,Celgene Corp.,104.47,4490010,80.98B,93.05,128.39,110.74,104.78,-1.13862033731,-0.481644494565,-0.656975842742,36.3937272517
CNC,Centene Corporation,66.85,1849840,11.41B,47.36,75.57,69.44,64.65,-0.807500048564,-0.653596156918,-0.153903891646,43.755872854
CNP,CenterPoint Energy,22.61,4659450,9.74B,16.05,24.71,23.06,22.07,-0.0589150267916,-0.147907201555,0.0889921747633,45.6665125149
CTL,CenturyLink Inc,27.86,4746790,15.21B,21.94,32.94,29.54,29.77,-0.497555881613,-0.316985480571,-0.180570401042,26.486579368
CERN,Cerner,62.22,1985440,21.01B,49.59,68.31,64.63,57.74,0.103681566067,0.488005364702,-0.384323798635,33.6237947415
CF,CF Industries Holdings Inc,25.00,5590500,5.83B,20.77,56.00,24.19,28.76,0.262246095905,-0.149958154319,0.412204250224,57.5650537119
SCHW,Charles Schwab Corporation,30.65,9923700,40.55B,21.51,34.52,29.89,28.30,0.521606029435,0.634383971196,-0.11277794176,55.5968491672
CHK,Chesapeake Energy,7.62,41905700,5.84B,1.50,9.55,5.82,4.87,0.537975528971,0.435943041646,0.102032487325,74.8819633929
CVX,Chevron Corp.,101.27,6423990,191.05B,74.96,107.58,101.80,99.63,-0.0437257188204,-0.187976871983,0.144251153163,46.7057313407
CMG,Chipotle Mexican Grill,426.55,1148480,12.42B,384.77,757.00,411.44,438.14,5.64589725577,2.60765906537,3.03823819039,58.0558795311
CB,Chubb Limited,124.28,1315760,57.80B,99.59,131.00,126.53,123.80,-0.0843731596906,-0.00736458723449,-0.0770085724561,36.1797810431
CHD,Church & Dwight,47.39,1242890,12.21B,38.42,53.68,49.69,48.33,-12.6169038579,-6.58958566432,-6.02731819355,6.94615299166
CI,CIGNA Corp.,128.45,1727210,32.96B,121.87,148.99,130.66,133.01,-0.880171153577,-0.67475410858,-0.205417044998,46.6906367279
XEC,Cimarex Energy,130.61,859895,12.41B,72.77,136.95,127.52,112.74,2.64380962891,3.15628900225,-0.512479373343,50.9102100957
CINF,Cincinnati Financial,75.50,583856,12.43B,52.60,78.09,76.02,70.02,0.508097893439,0.618124141246,-0.110026247807,42.6309293983
CTAS,Cintas Corporation,113.81,676770,11.86B,80.00,119.94,111.76,96.92,2.71684349314,3.18887619214,-0.472032698996,52.083435989
CSCO,Cisco Systems,30.85,23197400,155.21B,22.46,31.70,30.94,28.73,0.267754912083,0.322838350539,-0.0550834384557,45.2948674091
C,Citigroup Inc.,47.17,20827500,137.05B,34.52,56.46,45.92,44.03,0.685824718721,0.761522460826,-0.0756977421056,58.1414842355
CFG,Citizens Financial Group,24.81,6409710,12.89B,18.04,27.17,23.45,22.11,0.58980645932,0.588124774191,0.0016816851291,67.9356004505
CTXS,Citrix Systems,83.21,1388720,12.96B,60.91,90.00,86.96,82.35,-0.0535029528465,0.411713468133,-0.465216420979,32.7440812805
CME,CME Group Inc.,106.05,1343500,35.94B,81.87,109.65,104.91,97.65,1.14050731144,1.41459201925,-0.274084707818,53.3085965889
CMS,CMS Energy,41.31,1948970,11.53B,32.39,46.25,43.45,42.47,-0.468132277627,-0.482097822555,0.013965544928,35.1920659978
COH,Coach Inc.,36.59,3579970,10.21B,27.22,43.71,40.26,39.79,-0.9104436256,-0.732912319635,-0.177531305965,30.2820093234
CTSH,Cognizant Technology Solutions,55.23,4099140,33.52B,51.22,69.80,57.82,59.10,-0.307453402137,-0.14391747342,-0.163535928717,33.1256129497
CL,Colgate-Palmolive,70.86,2850070,63.17B,61.37,75.38,74.47,71.69,-0.309128313935,0.0327313501979,-0.341859664132,26.3522938263
CMCSA,Comcast A Corp,65.11,8393130,157.03B,52.34,68.36,66.71,63.17,-0.227315000545,-0.172014389919,-0.0553006106257,37.4654031469
CMA,Comerica Inc.,46.20,2059010,8.03B,30.48,47.70,45.96,42.40,0.522844170029,0.617964306201,-0.0951201361721,50.5814209247
CAG,ConAgra Foods Inc.,43.32,2768170,19.01B,37.97,48.81,46.37,45.67,-0.460532788916,-0.228896467002,-0.231636321914,27.2106793445
CXO,Concho Resources,130.47,1437350,17.04B,69.94,137.40,129.19,116.44,1.38043384865,1.85006956981,-0.46963572116,49.7929975129
COP,ConocoPhillips,42.25,7955010,52.33B,31.05,57.24,41.53,42.27,0.00616627036935,0.00151896213308,0.00464730823627,51.9320875643
ED,Consolidated Edison,72.95,1897660,22.21B,60.30,81.88,77.38,75.83,-0.877489831448,-0.811790401156,-0.0656994302916,32.6682831306
STZ,Constellation Brands,162.35,1152260,32.55B,122.35,168.68,165.05,157.19,0.231804880628,0.581702079536,-0.349897198908,40.0491567832
GLW,Corning Inc.,22.38,8693820,23.21B,16.13,23.13,22.54,20.64,0.146980685329,0.225009205337,-0.0780285200078,45.385102872
COST,Costco Co.,150.70,2072570,66.02B,138.57,169.73,166.48,156.38,-3.18935412789,-1.61715982015,-1.57219430774,18.2679983208
CCI,Crown Castle International Corp.,93.31,2314250,31.50B,75.71,102.82,95.76,92.09,-0.0287579370054,-0.298166470816,0.269408533811,40.6707931268
CSRA,CSRA Inc.,26.20,1334350,4.29B,20.98,33.44,26.02,25.36,0.215883306501,0.15177227096,0.0641110355404,53.7745010617
CSX,CSX Corp.,27.89,6281390,26.38B,21.33,30.53,28.30,26.67,0.101671060409,0.13249303691,-0.0308219765011,45.1435735969
CMI,Cummins Inc.,116.81,1632510,19.62B,79.88,127.64,123.81,114.42,-0.767905812077,0.458471917369,-1.22637772945,34.3491635817
CVS,CVS Health,91.52,4868690,97.58B,86.50,106.67,95.35,98.36,-1.01013480378,-0.70145834524,-0.308676458543,30.2369529393
DHI,D. R. Horton,30.22,3532100,11.25B,22.97,34.56,32.35,30.94,-0.351751009381,-0.219206283717,-0.132544725664,31.1893146439
DHR,Danaher Corp.,77.02,3464340,53.19B,61.60,82.64,80.86,75.40,-1.00794474213,-0.827321635483,-0.180623106649,22.195090011
DRI,Darden Restaurants,61.45,1989020,7.76B,53.38,72.11,61.89,64.31,-0.0632438245031,-0.114712128673,0.0514683041699,45.0460820522
DVA,DaVita Inc.,63.65,1391970,13.17B,61.36,78.94,69.77,73.24,-2.32829960444,-2.60781235754,0.279512753094,27.7542322359
DE,Deere & Co.,82.23,3447110,25.85B,70.16,88.63,81.34,81.70,0.79655390977,1.15769442677,-0.361140517001,46.4367376743
DLPH,Delphi Automotive,68.01,2427470,18.55B,55.59,88.89,67.42,68.93,1.02697416041,0.981356033127,0.0456181272796,48.8888810354
DAL,Delta Air Lines,37.75,11383600,28.61B,32.60,52.77,37.41,42.00,0.097651012603,-0.173470654128,0.271121666731,51.9480626111
XRAY,Dentsply Sirona,59.03,1504800,13.75B,49.48,65.83,61.65,61.56,-0.396526581754,-0.325821700785,-0.0707048809693,32.9331511989
DVN,Devon Energy Corp.,43.36,7307770,22.70B,18.07,48.68,41.43,34.24,1.16627926094,1.41995146859,-0.253672207649,53.3320826492
DO,Diamond Offshore Drilling,15.60,2465220,2.14B,14.18,26.72,19.90,22.57,-1.46040787025,-1.31244801965,-0.147959850603,28.2693764747
DLR,Digital Realty Trust,96.27,1637480,14.14B,61.71,113.21,101.80,96.00,-1.23544291228,-1.19207521024,-0.0433677020483,42.5661708007
DFS,Discover Financial Services,58.74,2801040,23.71B,42.86,60.29,57.96,54.31,0.686505044096,0.732590646416,-0.0460856023197,53.2252903534
DISCA,Discovery Communications-A,24.55,3299420,10.27B,23.66,31.80,25.88,26.80,-0.247297771405,-0.0921003981563,-0.155197373249,34.8408346628
DISCK,Discovery Communications-C,23.67,1722630,9.90B,22.43,29.93,25.04,25.85,-0.204483331273,-0.0410171971523,-0.16346613412,31.1807420107
DG,Dollar General,70.58,3531410,19.89B,59.75,96.88,86.97,86.02,-5.71030208141,-4.68148270555,-1.02881937586,18.9762910443
DLTR,Dollar Tree,81.63,2166610,19.23B,60.31,99.93,92.23,86.65,-3.57374677915,-2.81863650835,-0.755110270801,17.8274621592
D,Dominion Resources,72.50,2935800,45.37B,64.54,78.97,75.90,73.86,-0.500657412791,-0.358856671566,-0.141800741226,35.0262359353
DOV,Dover Corp.,69.05,1247240,10.72B,50.91,74.90,72.66,67.96,0.340978936655,0.62493025987,-0.283951323214,46.5979237263
DOW,Dow Chemical,53.41,6352400,60.18B,39.84,57.10,53.51,51.85,0.277159405047,0.320792963363,-0.0436335583162,49.1405452133
DPS,Dr Pepper Snapple Group,89.84,1131770,16.66B,75.92,98.80,95.43,93.06,-1.00223353339,-0.75611222227,-0.246121311123,26.1001583229
DTE,DTE Energy Co.,91.00,993534,16.33B,75.28,100.45,95.35,92.10,-1.00401678632,-0.736438148193,-0.267578638128,37.8777855843
DD,Du Pont (E.I.),68.43,2798440,59.83B,47.11,75.72,69.30,66.02,0.258155843042,0.465198151437,-0.207042308396,43.5438002446
DUK,Duke Energy,77.95,3090720,53.70B,65.50,87.31,82.72,80.70,-1.08435056672,-1.0125250475,-0.0718255192238,32.4827914126
DNB,Dun & Bradstreet,132.93,247344,4.83B,85.99,141.57,136.81,119.50,0.512535683578,1.29201616864,-0.779480485062,34.2427338072
ETFC,E*Trade,26.55,2796880,7.35B,19.61,30.98,25.57,25.13,0.339187085599,0.286987232869,0.0521998527298,61.8714351891
EMN,Eastman Chemical,64.69,1424230,9.56B,56.03,78.79,66.86,70.75,-0.225998808197,-0.123675591231,-0.102323216967,36.6716303251
ETN,Eaton Corporation,63.57,2387540,28.91B,46.19,68.20,66.07,62.40,0.165780548906,0.645526357018,-0.479745808112,32.6228918897
EBAY,eBay Inc.,31.89,10975500,36.00B,21.52,32.81,31.29,26.03,0.739741188691,0.785741763601,-0.0460005749095,61.9368890518
ECL,Ecolab Inc.,118.68,898702,34.61B,98.62,124.60,121.94,116.29,0.15830381215,0.579857026214,-0.421553214064,33.3753288586
EIX,Edison Int'l,71.40,1558960,23.26B,57.51,78.72,74.73,72.66,-0.674046660727,-0.671258726009,-0.00278793471863,36.0060194918
EW,Edwards Lifesciences,114.60,1412030,24.40B,66.57,118.92,114.09,102.69,1.35720754586,1.67394334369,-0.316735797829,51.0074164753
EA,Electronic Arts,79.86,3218570,24.02B,53.01,84.45,79.67,72.28,0.983324175649,1.19206953127,-0.208745355618,46.5671205372
EMC,EMC Corp.,29.05,15612900,56.85B,22.99,29.13,28.52,27.28,0.195589595931,0.19156433941,0.00402525652038,66.159728289
EMR,Emerson Electric Company,50.86,3624540,32.73B,41.25,56.82,53.97,53.22,-0.545567877123,-0.338585912595,-0.206981964528,30.3288661022
ENDP,Endo International,20.035,7583360,4.46B,12.560,84.570,20.378,23.691,0.0926282654291,0.428828535513,-0.336200270084,45.6871345929
ETR,Entergy Corp.,77.56,1115090,13.88B,62.30,82.09,79.32,77.58,-0.0914091371875,-0.227545572424,0.136136435236,43.5574411964
EOG,EOG Resources,92.65,2967700,51.02B,57.15,95.93,88.04,80.87,1.82851023467,1.71099159944,0.117518635236,58.3655939845
EQT,EQT Corporation,72.54,1516430,12.53B,47.10,80.61,71.40,69.96,0.202900413461,-0.103063654192,0.305964067653,53.5441849833
EFX,Equifax Inc.,131.09,632609,15.64B,91.72,136.97,132.51,122.76,0.148901795005,0.0685978366428,0.0803039583621,58.7058321566
EQIX,Equinix,362.78,547841,25.78B,255.45,391.07,369.64,349.78,-0.174673507736,-0.747437192221,0.572763684485,41.1347047032
EQR,Equity Residential,62.80,2383900,22.96B,62.44,82.39,66.28,69.08,-0.82905783682,-0.782164935546,-0.0468929012745,33.4748538254
ESS,Essex Property Trust Inc,219.97,372439,14.41B,191.25,244.71,227.49,224.66,-0.572340064625,-0.342799042026,-0.229541022599,38.2005995789
EL,Estee Lauder Cos.,87.55,1638500,32.02B,75.61,97.48,91.79,92.81,-1.2166544407,-0.886057521657,-0.330596919044,30.1730753803
ES,Eversource Energy,53.25,1506370,16.89B,45.97,60.44,56.23,56.71,-0.988671003117,-0.792989453136,-0.195681549981,29.8378650274
EXC,Exelon Corp.,33.40,4975430,30.82B,25.09,37.70,35.28,34.86,-0.403924445239,-0.440416873011,0.0364924277719,35.7856625727
EXPE,Expedia Inc.,111.10,1969680,16.63B,88.40,140.51,114.20,110.38,-0.399795316754,-0.411727156648,0.0119318398934,43.9455607229
EXPD,Expeditors Int'l,50.57,1081930,9.16B,40.41,52.58,50.90,49.05,0.191432532872,0.259809041451,-0.0683765085791,44.9141125602
ESRX,Express Scripts,71.13,3673680,44.83B,65.55,89.20,75.31,73.65,-1.24053551406,-1.00605313948,-0.234482374576,30.6643562519
EXR,Extra Space Storage,79.92,1105500,10.05B,72.54,94.81,83.39,88.24,-1.1762722371,-1.50817009156,0.331897854464,35.0617595939
XOM,Exxon Mobil Corp.,86.84,10689100,360.10B,71.55,95.55,88.28,87.89,-0.413241836052,-0.581536917334,0.168295081283,42.1657928241
FFIV,F5 Networks,118.05,719575,7.82B,86.03,127.13,123.77,111.12,-0.472741327217,0.357633233352,-0.830374560569,31.7788103686
FB,Facebook,127.10,20444100,364.99B,85.72,131.98,124.85,116.89,1.73764355267,1.50103750809,0.236606044582,56.2025456503
FAST,Fastenal Co,40.57,2497300,11.72B,34.45,49.99,42.93,45.11,-0.348105127871,-0.0620196704076,-0.286085457464,26.8831021621
FRT,Federal Realty Investment Trust,154.48,374089,11.03B,128.89,171.08,161.82,157.60,-1.11807685402,-1.13555285841,0.0174760043838,32.9112684834
FDX,FedEx Corporation,160.85,1441180,42.71B,119.71,169.57,164.23,159.68,0.273664204365,0.934986044866,-0.6613218405,36.158995554
FIS,Fidelity National Information Services,77.40,1811410,25.37B,55.11,81.67,79.44,71.47,0.18868683916,0.444445048636,-0.255758209476,36.5489896962
FITB,Fifth Third Bancorp,19.93,6263540,15.27B,13.84,21.14,19.39,18.04,0.353874835174,0.33094582609,0.0229290090841,66.7081222439
FSLR,First Solar Inc,37.13,2934720,3.80B,36.75,74.29,41.14,52.81,-1.36772791702,-1.74050033723,0.372772420213,34.4695075066
FE,FirstEnergy Corp,32.64,3508960,13.88B,28.89,36.60,33.37,34.18,-0.216191149864,-0.342615271033,0.126424121169,44.7508316949
FISV,Fiserv Inc,100.28,965841,22.04B,84.48,111.51,104.92,103.33,-0.961303553448,-0.943790390702,-0.0175131627458,31.1552804438
FLIR,FLIR Systems,30.70,838748,4.21B,25.12,34.09,31.40,31.55,-0.153134725765,-0.176886292818,0.0237515670534,41.8738687404
FLS,Flowserve Corporation,46.24,1246400,6.03B,33.86,52.50,48.02,46.60,-0.0437071043234,0.208728987184,-0.252436091508,36.7459349996
FLR,Fluor Corp.,49.40,1093460,6.88B,39.48,55.69,52.35,51.90,-0.393052135041,-0.104416668272,-0.28863546677,31.623648649
FMC,FMC Corporation,44.86,1092480,6.00B,32.24,50.57,47.54,44.91,-0.347639955945,-0.192344367655,-0.15529558829,36.4077431043
FTI,FMC Technologies Inc.,27.81,3286700,6.27B,22.30,35.93,26.94,27.18,0.416915063614,0.461735557141,-0.0448204935271,51.4711898455
FL,Foot Locker Inc,64.59,2181020,8.75B,50.90,77.25,62.58,60.30,1.46983267443,1.83509323749,-0.365260563058,53.8068215132
F,Ford Motor,12.38,34693100,49.19B,11.02,15.84,12.57,13.04,-0.0246350165862,-0.0651315671696,0.0404965505834,44.1700522356
FTV,Fortive Corp,50.55,2507940,17.47B,46.29,54.34,51.17,50.91,0.334400301063,0.490490850112,-0.156090549049,42.5985484936
FBHS,Fortune Brands Home & Security,58.72,1752740,9.04B,44.19,64.47,63.00,58.06,-0.187456496346,0.303348682992,-0.490805179338,24.5857860762
BEN,Franklin Resources,35.58,3015800,20.50B,30.56,42.23,35.93,36.27,0.182484198851,0.279433666686,-0.0969494678346,45.5361002788
FCX,Freeport-McMoran Cp & Gld,10.27,31380400,13.64B,3.52,14.20,11.74,11.01,-0.442365849569,-0.377640971314,-0.0647248782547,32.7213670417
FTR,Frontier Communications,4.56,17031100,5.35B,3.81,5.85,4.82,5.14,-0.0710653598708,-0.0838947703207,0.0128294104499,39.4136336671
GPS,Gap (The),23.35,6736760,9.29B,17.00,32.80,25.22,23.93,-0.268732546582,0.129630215359,-0.398362761941,36.2087428514
GRMN,Garmin Ltd.,47.44,1247720,8.96B,30.93,56.19,52.05,44.14,-0.781409421618,-0.174791536065,-0.606617885553,30.0456022095
GD,General Dynamics,149.91,1516960,45.64B,121.61,154.98,150.39,141.33,1.73916604717,2.05003225462,-0.310866207455,63.6587014575
GE,General Electric,30.11,34509000,269.82B,24.26,33.00,31.24,30.82,-0.154542925085,-0.0760072736771,-0.078535651408,22.3590699217
GGP,General Growth Properties Inc.,28.11,3733680,24.83B,24.43,32.10,30.15,29.05,-0.375937799398,-0.335990785508,-0.0399470138897,29.6134376159
GIS,General Mills,65.05,3515600,38.84B,53.53,72.95,70.63,65.67,-0.782919841377,-0.182083911755,-0.600835929622,23.8910559994
GM,General Motors,30.48,13180200,47.61B,26.69,36.88,31.52,30.72,0.105152202217,0.231761294196,-0.126609091979,36.7939812627
GPC,Genuine Parts,96.99,624734,14.44B,76.50,105.97,102.28,98.36,-0.488355525244,0.235226268509,-0.723581793753,30.5883247681
GILD,Gilead Sciences,78.05,10510800,103.00B,76.94,113.31,80.40,86.84,-0.971650281301,-1.01150515522,0.0398548739202,41.6414247259
GPN,Global Payments Inc,73.62,1307400,11.31B,51.29,79.93,75.49,71.84,0.186187017154,0.307322787903,-0.121135770749,40.1627978058
GS,Goldman Sachs Group,168.57,3058630,71.88B,138.20,199.90,164.34,157.42,2.40365350429,2.45428994028,-0.0506364359903,59.5329102724
GT,Goodyear Tire & Rubber,30.26,3198170,7.94B,24.31,35.30,28.96,29.14,0.662496868015,0.550455011996,0.11204185602,59.1800266094
GWW,Grainger (W.W.) Inc.,222.45,535362,13.44B,176.85,239.95,225.84,226.32,0.683332908724,1.70113445095,-1.01780154222,38.5883889455
HAL,Halliburton Co.,41.95,8224140,36.12B,27.64,46.90,43.97,40.85,-0.276068903247,-0.054538175044,-0.221530728203,37.4087191246
HBI,Hanesbrands Inc,25.70,3792020,9.71B,23.25,33.24,26.58,27.27,-0.161430330128,0.0285031323393,-0.189933462467,36.1341582926
HOG,Harley-Davidson,50.57,2892430,9.13B,36.36,57.33,52.70,48.21,0.0615431283036,0.448180382727,-0.386637254423,37.4367522214
HAR,Harman Int'l Industries,80.93,857412,5.65B,64.93,112.68,84.36,80.17,0.515186349265,1.03937519414,-0.524188844875,38.0967230904
HRS,Harris Corporation,90.86,781006,11.29B,70.10,94.09,89.95,82.19,1.29952671061,1.53246312879,-0.232936418182,50.3558489297
HIG,Hartford Financial Svc.Gp.,41.05,3023080,15.84B,36.54,49.41,40.96,43.56,-0.105828385204,-0.302640486283,0.196812101078,51.2283055984
HAS,Hasbro Inc.,79.93,1154500,10.02B,64.91,88.53,81.40,82.41,-0.104782584225,-0.0793315814532,-0.0254510027719,39.2406077853
HCA,HCA Holdings,75.94,2457090,28.75B,60.07,87.05,76.26,77.20,0.0386431101007,-0.28340212623,0.322045236331,48.8258326079
HCP,HCP Inc.,38.13,3437620,17.83B,25.11,40.43,39.18,35.16,0.303254020526,0.458990894216,-0.15573687369,49.1313246181
HP,Helmerich & Payne,59.83,1599310,6.47B,40.02,70.28,62.55,61.89,-0.610051226045,-0.573709431868,-0.0363417941771,39.26817987
HSIC,Henry Schein,158.86,486620,12.99B,127.16,183.00,167.71,171.19,-2.14855334839,-2.5631297825,0.414576434113,31.6860707782
HES,Hess Corporation,49.92,3952360,15.63B,32.41,64.08,54.48,55.23,-1.15489083119,-0.526039400565,-0.628851430628,32.2783155118
HPE,Hewlett Packard Enterprise,20.92,10545700,34.76B,11.62,22.32,21.49,18.37,0.170730272097,0.324305307301,-0.153575035204,42.0129622919
HOLX,Hologic,37.16,2552250,10.31B,31.84,42.58,38.35,35.70,0.119735041202,0.297609289689,-0.177874248486,36.7333582195
HD,Home Depot,127.74,4353820,157.83B,109.62,139.00,135.56,132.51,-1.09882040221,-0.391990296494,-0.706830105715,25.5822145349
HON,Honeywell Int'l Inc.,112.01,2602920,85.23B,91.57,120.02,115.96,114.04,-0.635666247945,-0.194647566532,-0.441018681413,24.9127438668
HRL,Hormel Foods Corp.,36.01,2657470,19.07B,29.93,45.72,37.34,38.51,0.161272004671,0.3826584223,-0.221386417629,37.9192183233
HST,Host Hotels & Resorts,16.20,9856420,12.03B,12.17,18.56,17.77,16.44,-0.211740368837,0.0171191360483,-0.228859504885,25.7925583023
HPQ,HP Inc.,14.07,12474600,24.07B,8.91,14.82,14.32,12.83,0.108726561064,0.152592682351,-0.0438661212878,42.1728946517
HUM,Humana Inc.,176.50,1861990,26.31B,150.00,191.65,176.74,176.88,0.360100740299,0.859104185493,-0.499003445193,49.1538428402
HBAN,Huntington Bancshares,9.86,13605400,7.88B,7.83,11.87,9.62,9.61,0.12390466012,0.121618517992,0.00228614212821,57.338352782
ITW,Illinois Tool Works,115.78,1476900,41.10B,79.15,123.50,117.97,107.28,1.57134838074,1.89854505953,-0.327196678793,63.8770928753
ILMN,Illumina Inc,164.85,1177720,24.17B,127.10,213.27,167.06,152.81,1.70930736578,2.84974675022,-1.14043938444,45.7321019694
IR,Ingersoll-Rand PLC,63.10,1865630,16.28B,47.08,68.97,67.43,64.24,-0.239323241374,0.167567987476,-0.40689122885,29.3799695642
INTC,Intel Corp.,35.44,22272800,167.67B,27.68,36.65,35.19,32.56,0.41593304864,0.409549765428,0.00638328321192,50.6365971006
ICE,Intercontinental Exchange,282.25,597438,32.47B,223.49,287.02,276.24,255.86,3.28998871859,3.62760753125,-0.337618812659,62.3183690836
IBM,International Bus. Machines,155.69,3377110,148.82B,116.90,164.95,160.69,151.61,-0.304883482368,0.0460153391625,-0.35089882153,36.2379207255
IP,International Paper,47.71,2672340,19.62B,32.50,49.70,46.72,42.60,0.841920859056,0.928447108067,-0.0865262490112,51.2585898093
IPG,Interpublic Group,22.38,4129270,8.97B,18.54,24.82,22.99,23.01,-0.0548365260025,-0.0700964606818,0.0152599346793,47.3701312774
IFF,Intl Flavors & Fragrances,134.75,449406,10.72B,97.24,139.81,135.98,124.67,1.06115852827,1.41232623592,-0.351167707648,43.4692544935
INTU,Intuit Inc.,109.25,1460780,28.18B,84.36,116.97,111.89,106.33,-0.313532122648,-0.147293937026,-0.166238185622,39.1110167226
ISRG,Intuitive Surgical Inc.,676.22,255831,26.03B,447.00,720.01,689.44,640.84,0.512085728711,1.72398370557,-1.21189797686,39.9087330986
IVZ,Invesco Ltd.,30.78,4339100,12.62B,23.02,35.00,29.97,29.34,0.610255054123,0.668352845138,-0.0580977910157,57.1129543196
IRM,Iron Mountain Incorporated,36.41,1799420,9.58B,23.64,41.50,38.63,36.36,-0.134488955736,-0.309643718691,0.175154762955,53.1545435968
JBHT,J. B. Hunt Transport Services,77.85,790455,8.77B,63.58,89.43,81.74,82.16,-0.752406318522,-0.507708756725,-0.244697561798,31.2827164301
JEC,Jacobs Engineering Group,50.15,800023,6.09B,34.76,55.89,53.45,48.33,-0.536901108508,-0.107665791041,-0.429235317468,31.3751859381
JNJ,Johnson & Johnson,118.23,6658520,323.46B,89.90,126.07,121.80,115.37,-0.844579520825,-0.820809357929,-0.023770162896,33.8950331771
JCI,Johnson Controls,45.70,3952530,29.14B,31.73,50.65,48.84,44.57,0.662317112251,0.406597949463,0.255719162788,52.498835413
JPM,JPMorgan Chase & Co.,66.65,14653300,240.71B,52.50,69.03,65.70,62.60,0.67650696011,0.736287843204,-0.0597808830941,56.5273343071
JNPR,Juniper Networks,23.16,3167830,8.87B,21.18,32.39,23.21,23.62,0.0638106268198,0.0747189476052,-0.0109083207855,48.1148535324
KSU,Kansas City Southern,93.16,1206460,10.06B,62.20,100.69,97.20,91.30,-0.132016803928,0.435481489706,-0.567498293634,34.7450284823
K,Kellogg Co.,77.13,2380250,27.02B,64.65,87.16,82.31,78.34,-0.643681304703,-0.124901070478,-0.518780234224,27.4535532618
KEY,KeyCorp,12.26,16591000,13.27B,9.88,14.01,12.08,11.75,0.132137951446,0.15492676796,-0.0227888165144,52.3254165852
KMB,Kimberly-Clark,122.96,1579200,44.22B,103.36,138.87,128.97,131.34,-1.16229977849,-0.906399935749,-0.255899842738,25.5226751826
KIM,Kimco Realty,28.96,2587130,12.16B,22.84,32.24,30.57,29.30,-0.278268612773,-0.291434623498,0.0131660107255,44.2754673027
KMI,Kinder Morgan,22.12,16230200,49.38B,11.20,32.89,21.28,18.98,0.397185457187,0.46762648403,-0.0704410268425,55.0914986022
KLAC,KLA-Tencor Corp.,69.43,1320630,10.83B,46.76,77.85,72.29,71.68,-0.737096869635,-1.07923114213,0.3421342725,44.1491724012
KSS,Kohl's Corp.,42.89,3905800,7.72B,33.87,52.22,42.61,41.82,1.18682740625,1.39926097581,-0.212433569563,54.7302234978
KHC,Kraft Heinz Co,85.97,2736760,104.68B,68.18,90.54,88.32,83.41,0.0984566976377,0.353609399795,-0.255152702157,34.5752820027
KR,Kroger Co.,31.51,10063000,29.90B,30.70,42.75,32.93,35.78,-0.58429287004,-0.593226359675,0.0089334896349,37.5609995235
LB,L Brands Inc.,71.43,1962030,20.54B,60.00,101.11,74.54,75.33,-0.0303171082973,0.665886033533,-0.69620314183,35.860124673
LLL,L-3 Communications Holdings,147.01,548247,11.35B,101.13,154.50,149.29,136.48,0.163182120725,0.237891766933,-0.0747096462081,42.6869592323
LH,Laboratory Corp. of America Holding,135.02,815830,13.81B,97.79,141.32,138.51,127.15,0.0188422244327,0.16277805274,-0.143935828307,41.2405428611
LRCX,Lam Research,91.18,2261780,14.61B,61.20,95.77,91.80,82.78,0.854546136603,1.14601159014,-0.291465453541,45.9128624255
LM,Legg Mason,34.21,1290770,3.55B,24.93,46.41,34.02,32.65,0.341524764884,0.405977829825,-0.0644530649412,51.7060304653
LEG,Leggett & Platt,49.41,780688,6.60B,36.64,54.63,52.49,49.76,-0.23537122858,-0.0459552110669,-0.189416017513,31.616893104
LEN,Lennar Corp.,45.18,2117800,9.90B,37.14,54.23,47.03,46.35,-0.198246959247,-0.098913358267,-0.0993336009798,37.2031179643
LUK,Leucadia National Corp.,18.98,1575190,6.84B,14.27,21.29,18.67,17.22,0.218078669968,0.225904273892,-0.00782560392398,54.2102457807
LVLT,Level 3 Communications,48.35,2343060,17.38B,40.86,57.59,50.21,51.74,-0.365589567767,-0.473671310626,0.108081742859,35.349189271
LLY,Lilly (Eli) & Co.,78.24,3893480,82.75B,67.88,92.85,80.24,76.44,-0.488928445105,-0.537068318399,0.0481398732939,44.888351505
LNC,Lincoln National,46.97,2222720,10.93B,30.39,57.54,45.60,42.42,0.812528356887,0.937250708983,-0.124722352096,56.9109264647
LLTC,Linear Technology Corp.,57.70,2584440,13.83B,37.33,64.42,58.38,48.67,0.66237488331,1.02842313833,-0.36604825502,50.0568940575
LKQ,LKQ Corporation,34.91,1818340,10.72B,23.95,36.35,35.11,32.66,0.346052638966,0.489494685961,-0.143442046996,45.149785604
LMT,Lockheed Martin Corp.,237.94,3594740,72.07B,199.01,266.93,252.45,238.39,-3.95122292495,-2.96139129611,-0.989831628836,28.217199991
L,Loews Corp.,41.21,773614,13.89B,33.84,42.07,41.27,39.81,0.129834611023,0.175544618221,-0.045710007198,47.3151543639
LOW,Lowe's Cos.,71.77,4924270,63.23B,62.62,83.65,79.01,77.15,-1.59980118261,-1.18972301489,-0.410078167724,20.7962202295
LYB,LyondellBasell,76.19,3258080,31.67B,69.10,98.25,77.35,80.83,0.391656949094,0.591962674749,-0.200305725655,42.2771200591
MTB,M&T Bank Corp.,117.09,885780,18.36B,100.08,127.39,116.36,114.88,0.092015161395,0.29975781226,-0.207742650865,51.2592647621
MAC,Macerich,80.03,898239,11.49B,71.82,94.51,84.62,81.02,-0.939303792085,-0.93246438827,-0.0068394038148,33.2084141812
M,Macy's Inc.,35.48,7432320,10.94B,29.94,58.21,37.07,37.55,-0.130660446286,0.369602749884,-0.500263196171,40.8634117984
MNK,Mallinckrodt Plc,73.07,1662670,7.87B,50.90,86.06,75.61,65.18,0.0934429233723,1.02459239026,-0.931149466887,44.4998541623
MRO,Marathon Oil Corp.,15.67,18307100,13.28B,6.52,20.44,14.86,13.20,0.323611724429,0.349113044965,-0.0255013205359,52.5995316514
MPC,Marathon Petroleum,42.24,6132790,22.33B,29.24,59.99,40.86,37.62,0.788069044491,0.880085437494,-0.0920163930028,54.6093440133
MAR,Marriott Int'l.,67.16,2817340,17.09B,56.43,79.88,71.79,68.99,-0.520808561065,0.0856486876331,-0.606457248698,26.8464216383
MMC,Marsh & McLennan,65.99,2133420,34.20B,50.81,68.69,67.05,64.13,0.183742889367,0.283623465834,-0.099880576467,36.1835658288
MLM,Martin Marietta Materials,175.00,618583,11.10B,108.31,206.36,193.84,178.99,-4.63691893383,-3.12067478245,-1.51624415138,24.3924102734
MAS,Masco Corp.,33.26,3846010,10.85B,23.10,37.38,35.65,32.37,-0.0975032399107,0.1324362665,-0.229939506411,26.5018005033
MA,Mastercard Inc.,98.15,4239450,107.74B,78.52,101.76,95.72,93.84,1.11435396879,0.928827847,0.185526121788,58.8377500707
MAT,Mattel Inc.,31.73,2983030,10.81B,19.45,34.76,33.28,32.38,-0.15912027673,0.0450638265755,-0.204184103306,34.840880481
MKC,McCormick & Co.,96.18,629400,12.18B,77.65,107.84,101.71,98.77,-0.702882530172,-0.305016985524,-0.397865544648,26.6952757365
MCD,McDonald's Corp.,114.58,5088540,97.78B,95.78,131.96,117.79,122.32,-0.96143705702,-1.1685495555,0.207112498482,37.495399222
MCK,McKesson Corp.,176.09,1229020,39.74B,148.29,208.03,191.02,177.92,-3.24802634171,-2.36795979994,-0.880066541772,24.915331526
MJN,Mead Johnson,77.58,1458890,14.33B,65.53,94.40,86.48,84.45,-2.04466221848,-1.4925439725,-0.552118245979,23.5685280513
MDT,Medtronic plc,84.87,4443910,118.16B,63.98,89.27,87.10,82.17,-0.0628358361556,-0.0120171577067,-0.0508186784489,49.5152299772
MRK,Merck & Co.,62.49,10005500,172.80B,47.97,64.00,61.73,56.91,0.564964450137,0.766867566413,-0.201903116276,52.2670842645
MET,MetLife Inc.,43.91,8226050,48.25B,35.00,52.45,41.65,42.73,0.599996999381,0.34562154113,0.254375458251,66.4377701147
KORS,Michael Kors Holdings,47.73,2848000,8.06B,34.83,59.49,50.08,51.01,-0.366501129838,-0.237164281826,-0.129336848012,39.4472272901
MCHP,Microchip Technology,58.52,2242270,12.60B,39.01,62.80,59.07,51.57,1.65284273732,1.77046640867,-0.117623671345,76.752301745
MU,Micron Technology,16.81,28099500,17.46B,9.31,19.30,15.31,12.42,0.734880975923,0.745589032079,-0.010708056156,61.7916398093
MSFT,Microsoft Corp.,56.21,29984200,438.02B,42.86,58.70,57.45,53.65,0.228803586814,0.503423825154,-0.27462023834,37.1043695311
MHK,Mohawk Industries,203.53,462125,15.09B,148.56,216.58,210.12,196.18,1.16223077063,2.027370748,-0.865139977368,37.3581075995
TAP,Molson Coors Brewing Company,101.34,2194000,21.77B,68.83,107.55,100.68,97.74,1.1536683412,0.980518469748,0.173149871452,48.4497852042
MDLZ,Mondelez International,42.09,7757830,65.47B,35.88,47.42,43.59,43.26,-0.0868130031404,-0.0494124333773,-0.0374005697632,36.9512263466
MON,Monsanto Co.,106.78,3603430,46.72B,81.22,114.26,106.15,99.42,0.492765581056,0.374461844839,0.118303736217,55.564671008
MNST,Monster Beverage,147.55,996534,28.09B,113.08,166.50,157.83,147.04,-2.16251955602,-1.32154974983,-0.840969806184,22.3675333853
MCO,Moody's Corp,106.62,1012920,20.50B,77.76,110.83,105.90,98.58,1.39676463865,1.13696202803,0.259802610618,70.25729627
MS,Morgan Stanley,31.59,14388100,60.39B,21.16,35.74,30.13,27.07,0.797888611849,0.853791378331,-0.055902766482,64.4994661617
MSI,Motorola Solutions Inc.,76.65,1485290,12.78B,59.13,78.99,74.23,71.74,1.48961213411,1.77766301222,-0.28805087811,59.4168935499
MUR,Murphy Oil,27.94,3248630,4.81B,14.30,37.48,28.20,28.30,-0.360027962449,-0.135548177232,-0.224479785217,36.3197305939
MYL,Mylan N.V.,39.89,5627670,21.34B,37.59,55.51,45.77,45.06,-1.83343580535,-1.31872034171,-0.514715463643,25.266949698
NDAQ,NASDAQ OMX Group,68.98,777023,11.41B,49.89,71.92,70.47,66.12,0.305505448912,0.56359616249,-0.258090713579,38.0336245285
NOV,National Oilwell Varco Inc.,33.15,3971860,12.52B,25.74,42.62,33.70,32.46,0.0599023763747,0.204662874843,-0.144760498468,44.6181661275
NAVI,Navient,14.23,2810930,4.51B,8.20,14.82,14.21,12.90,0.166346640964,0.185404908274,-0.0190582673102,50.1996537016
NTAP,NetApp,34.27,3143950,9.56B,20.66,35.68,30.70,26.47,2.2843283475,2.16723487252,0.117093474972,82.2759665864
NFLX,Netflix Inc.,96.50,10996900,41.37B,79.95,133.27,95.08,96.06,1.11781513832,1.09141963811,0.0263955002142,50.0542101988
NWL,Newell Rubbermaid Co.,50.40,3981180,24.30B,33.26,55.45,53.07,47.43,0.0654071610868,0.507850054208,-0.442442893121,31.8746119477
NFX,Newfield Exploration Co,44.53,2934470,8.76B,20.84,47.56,44.78,39.00,0.0744896719342,0.149107467031,-0.0746177950967,48.4619499358
NEM,Newmont Mining Corp. (Hldg. Co.),39.30,7491290,20.85B,15.40,46.07,42.65,34.97,-0.845727137874,-0.125467728671,-0.720259409203,39.1284578367
NWSA,News Corp. Class A,13.36,3120800,7.75B,10.21,15.68,13.41,12.31,0.204302750662,0.305763200527,-0.101460449864,43.7649701645
NWS,News Corp. Class B,13.74,910955,7.97B,10.74,15.74,13.79,12.75,0.177212891785,0.27876838353,-0.101555491745,44.1281529896
NEE,NextEra Energy,120.86,2001640,55.83B,95.25,131.98,125.50,121.51,0.0201203452501,0.0583461922082,-0.0382258469581,39.4510032021
NLSN,Nielsen Holdings,52.00,1897000,18.58B,42.90,55.94,53.27,52.63,-0.187048417248,-0.149415811893,-0.0376326053546,39.060608496
NKE,Nike,55.33,9540270,92.82B,51.48,68.19,56.96,57.86,0.0242867252698,0.405745898082,-0.381459172813,37.6770509779
NI,NiSource Inc.,23.37,2982010,7.53B,16.56,26.94,24.86,24.15,-0.332307304474,-0.311312316329,-0.0209949881452,31.6836989259
NBL,Noble Energy Inc,36.08,3597820,15.51B,23.77,39.85,35.03,34.58,0.151400594153,0.0274287385363,0.123971855617,54.5378901781
JWN,Nordstrom,49.70,3701190,8.62B,35.01,75.67,47.62,46.85,2.12730728252,2.50673564599,-0.379428363467,59.5747367833
NSC,Norfolk Southern Corp.,90.78,1441700,26.65B,64.51,98.75,91.07,85.74,1.06370477894,1.21936709044,-0.155662311502,45.0961383562
NTRS,Northern Trust Corp.,68.95,1179230,15.62B,54.38,76.11,68.62,67.88,0.507362888325,0.578926102398,-0.0715632140728,49.0831511169
NOC,Northrop Grumman Corp.,209.24,918022,37.36B,161.81,224.12,216.05,209.43,-1.63283897667,-1.36173758519,-0.271101391487,32.914327468
NRG,NRG Energy,11.60,4410320,3.66B,8.80,19.53,13.09,14.03,-0.425501852449,-0.472199456128,0.0466976036793,35.2963023556
NUE,Nucor Corp.,46.83,2780900,14.91B,33.90,57.08,51.12,48.97,-0.935161347499,-0.860279561015,-0.0748817864847,31.6414876027
NVDA,Nvidia Corporation,59.52,9679550,31.84B,22.50,63.50,59.99,45.36,1.19946809707,1.71278182222,-0.513313725148,45.8779830892
ORLY,O'Reilly Automotive,278.21,649894,26.41B,225.12,292.84,284.24,271.73,-0.436704898848,0.179017441154,-0.615722340003,40.6857454706
OXY,Occidental Petroleum,76.11,3668090,58.14B,58.24,78.48,75.70,74.08,0.49028199554,0.569080035431,-0.0787980398908,47.5663728111
OMC,Omnicom Group,83.75,1434020,19.81B,64.12,87.50,83.92,82.60,0.868373834815,0.660537942264,0.207835892551,65.7821901872
OKE,ONEOK,48.81,2364820,10.26B,18.84,51.13,46.73,39.77,0.816507830108,0.618844875748,0.19766295436,55.7492121915
ORCL,Oracle Corp.,40.03,12774400,165.03B,33.13,42.00,41.11,40.18,-0.0668420758852,0.0496683970858,-0.116510472971,29.8478070699
OI,Owens-Illinois Inc,17.40,1578020,2.82B,11.58,24.05,18.46,17.71,-0.135991748877,-0.0991561791652,-0.0368355697117,37.7608585137
PCAR,PACCAR Inc.,56.11,2358210,19.67B,43.46,60.86,58.53,55.43,0.0486547672912,0.588516167136,-0.539861399845,32.7779580722
PH,Parker-Hannifin,120.78,1084210,16.17B,83.32,125.00,120.72,113.35,1.22812697946,1.7788532539,-0.550726274437,46.0906452485
PDCO,Patterson Companies,45.02,1018750,4.30B,38.51,50.40,47.05,46.40,-0.320326627298,-0.378942470224,0.0586158429263,36.6722487696
PAYX,Paychex Inc.,59.29,2069290,21.38B,45.23,61.87,60.09,55.80,0.310444955313,0.402650099647,-0.0922051443341,39.7928239128
PYPL,PayPal,38.01,8566470,44.93B,30.30,41.75,37.70,38.23,0.0580248068378,-0.0468201563583,0.104844963196,52.013515161
PNR,Pentair Ltd.,59.89,1345970,10.85B,41.57,66.99,64.02,58.49,0.23010613019,0.60011233193,-0.37000620174,44.1085344511
PBCT,People's United Financial,16.08,3656860,4.88B,13.62,16.93,15.61,15.51,0.235163738899,0.221700452159,0.0134632867395,58.9979802486
PEP,PepsiCo Inc.,104.05,3965840,149.74B,90.99,110.94,108.00,104.38,-0.149652268304,0.0465825988863,-0.19623486719,45.1990039659
PKI,PerkinElmer,52.75,518492,5.77B,39.50,57.28,54.79,52.48,-0.303834244997,-0.228401192995,-0.0754330520015,38.6251327137
PRGO,Perrigo,88.71,2476040,12.71B,82.50,184.77,90.64,104.39,-0.306827919514,-0.408237355706,0.101409436193,43.564481032
PFE,Pfizer Inc.,34.10,20896200,206.84B,28.25,37.39,35.37,33.61,-0.262402165318,-0.238105450498,-0.0242967148197,32.308543351
PCG,PG&E Corp.,60.83,2850210,30.32B,48.02,65.43,63.53,60.85,-0.470191167046,-0.345427682868,-0.124763484179,34.556013672
PM,Philip Morris International,97.54,4425290,151.32B,78.03,104.20,99.72,99.14,0.164249463029,0.203376054627,-0.0391265915975,36.9038313901
PSX,Phillips 66,77.86,2877690,40.71B,71.74,94.12,77.68,80.85,0.444715050827,0.438757681811,0.005957369016,47.8206771813
PNW,Pinnacle West Capital,73.95,677230,8.22B,59.55,82.78,77.20,75.19,-0.896941256876,-0.720738998586,-0.17620225829,37.2484511892
PXD,Pioneer Natural Resources,180.60,2193130,30.63B,103.50,190.94,173.08,155.94,4.5792222564,5.1725582659,-0.593336009498,54.7385197354
PBI,Pitney-Bowes,17.78,1439410,3.30B,16.24,21.81,18.63,19.13,-0.0182535353257,0.0465225306689,-0.0647760659946,32.4030345423
PNC,PNC Financial Services,89.92,2734940,44.19B,77.40,97.50,85.26,85.13,1.62496394439,1.39874244809,0.226221496301,66.6157820651
RL,Polo Ralph Lauren Corp.,100.74,1080010,8.29B,82.15,137.38,102.66,96.16,0.429632630848,1.36655421734,-0.936921586496,42.3152295404
PPG,PPG Industries,100.86,1488290,26.86B,82.93,117.00,105.31,107.05,-0.160468356309,0.139374028339,-0.299842384648,32.4660087874
PPL,PPL Corp.,33.63,4923750,22.80B,29.68,39.92,35.90,37.14,-0.557916495493,-0.547230609668,-0.0106858858247,33.211605858
PX,Praxair Inc.,117.41,1148370,33.49B,95.60,125.00,119.52,114.34,0.767157402966,1.33918387243,-0.572026469466,37.901757319
PCLN,Priceline.com Inc,1413.90,594541,69.88B,954.02,1476.52,1397.08,1326.11,15.3407542524,17.8754045909,-2.53465033848,52.0204977049
PFG,Principal Financial Group,48.37,1415830,13.91B,33.09,52.21,46.94,42.71,0.848118623379,0.960403463459,-0.11228484008,57.8040908323
PG,Procter & Gamble,86.24,9002110,230.15B,67.33,88.87,86.77,83.65,0.410872191709,0.568542671486,-0.157670479777,43.4488147117
PGR,Progressive Corp.,31.24,2551130,18.18B,29.32,35.54,32.90,33.14,-0.325350748177,-0.207600029247,-0.11775071893,24.6648076836
PLD,Prologis,51.49,3093580,27.13B,35.25,54.87,53.62,47.94,0.109663952109,0.263362396817,-0.153698444708,36.9093825875
PRU,Prudential Financial,79.18,2393950,34.60B,57.19,88.77,76.82,74.68,1.02091663922,0.813423166962,0.207493472254,61.5103093443
PEG,Public Serv. Enterprise Inc.,41.13,2845310,20.81B,36.80,47.41,43.94,44.97,-0.610678664765,-0.539178454719,-0.0715002100462,31.9580618987
PSA,Public Storage,218.58,871412,37.90B,200.74,277.60,231.09,250.69,-3.87576183235,-4.19107876087,0.315316928518,30.323315455
PHM,Pulte Homes Inc.,20.04,4652480,6.89B,14.61,22.40,21.31,19.30,-0.0863707747884,0.0565690759586,-0.142939850747,34.1881385096
PVH,PVH Corp.,107.15,1005040,8.60B,64.16,116.99,103.10,95.02,2.01754567647,2.30471088044,-0.287165203966,54.9881037025
QRVO,Qorvo,52.48,1790260,6.71B,33.30,64.80,57.19,52.15,-0.433151935109,-0.104750358073,-0.328401577036,31.6301794093
QCOM,QUALCOMM Inc.,60.52,8760950,89.19B,42.24,63.70,62.21,55.06,0.530769841053,0.917294153642,-0.386524312589,39.3219880709
PWR,Quanta Services Inc.,25.32,2019690,3.83B,16.77,27.05,25.56,23.61,0.19861371981,0.279343755064,-0.0807300352538,45.1455498636
DGX,Quest Diagnostics,80.92,1233570,11.25B,59.66,86.85,84.58,77.55,-0.378697863162,-0.135954266733,-0.242743596429,35.4079187786
RRC,Range Resources Corp.,42.24,3058390,7.04B,19.21,46.96,40.14,38.85,0.321379471414,-0.0961809083148,0.417560379729,57.9644765799
RTN,Raytheon Co.,136.08,1700520,40.16B,102.78,143.39,140.16,132.18,0.469715376945,0.880724960222,-0.411009583278,47.4373621742
O,Realty Income Corporation,64.26,1645450,16.62B,45.02,72.30,68.08,64.27,-0.833924985764,-0.624379407727,-0.209545578037,38.5399977243
RHT,Red Hat Inc.,72.24,1550100,13.08B,59.59,84.44,74.02,73.65,-0.376436069086,-0.209913788639,-0.166522280446,38.9131520674
REGN,Regeneron,384.43,817198,40.22B,329.09,592.59,410.45,389.42,-3.4652052109,-1.25088819239,-2.21431701851,38.5601329274
RF,Regions Financial Corp.,9.83,19070800,12.34B,7.00,10.28,9.49,8.92,0.209059210312,0.189340599257,0.0197186110545,65.0132903271
RSG,Republic Services Inc,49.52,1252060,16.98B,40.05,52.92,51.15,49.06,-0.215177073071,-0.130819143677,-0.0843579293939,33.5804673259
RAI,Reynolds American Inc.,47.15,4280920,67.30B,41.44,54.48,50.15,50.59,-0.346830897966,-0.19637603905,-0.150454858916,27.6406330375
RHI,Robert Half International,37.30,1227280,4.80B,34.34,54.01,37.99,40.24,-0.0220016059165,0.0248718653048,-0.0468734712212,39.9320375401
ROK,Rockwell Automation Inc.,112.50,765652,14.56B,87.53,120.75,117.23,114.35,-0.0264474258949,0.273967180555,-0.30041460645,44.7092544946
COL,Rockwell Collins,81.35,775975,10.57B,76.03,95.11,84.62,87.89,-0.410990130579,-0.208907800878,-0.202082329701,29.6525499864
ROP,Roper Industries,176.06,598158,17.84B,150.91,195.93,173.98,174.33,1.96996626536,2.10737125372,-0.137404988361,49.497321581
ROST,Ross Stores,60.78,2778310,23.92B,43.47,66.28,62.27,57.83,0.304121657913,0.66045421569,-0.356332557777,39.912055176
RCL,Royal Caribbean Cruises Ltd,65.98,2495160,14.20B,64.21,103.40,70.77,74.11,-1.04298263157,-0.554466124183,-0.488516507387,35.9746960665
R,Ryder System,64.95,703789,3.47B,45.12,85.08,65.74,65.11,0.272276680431,0.144014543861,0.12826213657,45.7633189414
SPGI,S&P Global Inc.,122.22,992773,32.27B,78.55,126.52,121.13,107.86,1.79267438018,1.83642604631,-0.0437516661313,53.0167029252
CRM,Salesforce.com,74.20,4529100,50.83B,52.60,84.48,79.21,77.42,-1.37477642228,-0.967958709972,-0.406817712304,30.307109436
SCG,SCANA Corp,69.05,821653,9.87B,51.44,76.41,72.69,70.59,-0.57553899629,-0.518215502157,-0.0573234941331,36.7251798449
SLB,Schlumberger Ltd.,77.56,5731490,107.86B,59.60,83.97,80.63,77.28,-0.586720179773,-0.163093212909,-0.423626966864,35.9905835501
SNI,Scripps Networks Interactive Inc.,61.83,1018590,7.98B,47.62,68.44,64.56,64.01,-0.486415558317,-0.378734548511,-0.107681009806,35.305601329
STX,Seagate Technology,36.09,5554320,10.78B,18.42,49.52,32.66,28.55,1.37164537935,1.14268064293,0.228964736418,72.4332711767
SEE,Sealed Air Corp.(New),45.44,1700910,8.94B,38.02,52.83,47.19,47.42,-0.0730999517902,0.0211451911995,-0.0942451429898,37.0629787773
SRE,Sempra Energy,102.90,1075670,25.73B,86.72,114.66,107.62,105.98,-1.12815719252,-1.21643346715,0.0882762746279,36.4389035311
SHW,Sherwin-Williams,274.39,708948,25.19B,218.27,312.48,291.50,290.43,-3.69335311241,-3.0328203563,-0.66053275611,27.1516124849
SIG,Signet Jewelers,76.90,1780540,5.81B,76.88,152.27,86.81,98.58,-2.45318722436,-1.63031123383,-0.822875990529,33.2611415521
SPG,Simon Property Group Inc,209.90,1195430,65.96B,176.11,229.10,217.91,208.26,-0.887652816736,-1.10914901396,0.221496197228,49.6408443936
SWKS,Skyworks Solutions,66.76,2813410,12.52B,54.50,92.63,69.59,68.92,0.90794732341,1.71447484208,-0.806527518667,35.2928792368
SLG,SL Green Realty,111.00,702055,11.14B,80.12,121.94,116.66,104.41,0.213704215476,0.750273460911,-0.536569245434,37.0579685101
SJM,Smucker (J.M.),135.93,1122290,15.82B,106.87,157.31,148.86,138.03,-3.08317727619,-1.81758052579,-1.2655967504,35.0591443344
SNA,Snap-On Inc.,147.52,453317,8.57B,133.09,174.52,154.48,156.70,-0.671860228101,-0.731024162639,0.0591639345386,43.4492629559
SO,Southern Co.,50.87,5626020,47.90B,42.36,54.64,52.39,51.05,-0.239542735284,-0.294009021103,0.054466285819,39.9539985544
LUV,Southwest Airlines,37.34,7648170,23.16B,33.96,51.34,37.02,41.25,-0.0327539085417,-0.302204539078,0.269450630536,49.6076608596
SWN,Southwestern Energy,14.72,14169100,5.71B,5.00,16.21,14.14,11.80,0.217490333266,0.133776423629,0.0837139096368,56.1878153889
SE,Spectra Energy Corp.,42.80,5477240,30.01B,21.43,44.00,36.85,33.24,1.44962292342,0.602392192863,0.847230730559,77.0596887686
STJ,St Jude Medical,78.04,3205670,22.24B,48.83,84.00,81.61,71.59,-0.963921952045,-0.29384664252,-0.670075309524,28.8075315515
SWK,Stanley Black & Decker,119.71,916886,18.01B,88.72,124.73,122.51,112.22,0.410340650634,0.86570756156,-0.455366910927,38.1384249399
SPLS,Staples Inc.,8.52,6492640,5.54B,8.00,14.13,8.88,9.38,-0.1315101237,-0.107237087073,-0.0242730366268,41.6289994674
SBUX,Starbucks Corp.,54.35,8911560,79.71B,52.63,64.00,56.34,57.12,-0.221096550706,-0.0689953093093,-0.152101241396,34.1247178174
HOT,Starwood Hotels & Resorts,74.12,1435760,12.57B,56.87,84.37,77.86,76.70,-0.438924950887,0.00152882999992,-0.440453780887,27.4372159593
STT,State Street Corp.,69.70,2718450,27.18B,50.60,75.40,67.53,60.79,1.95329920962,2.21791614225,-0.264616932631,75.2531109453
SRCL,Stericycle Inc,82.07,1133060,6.98B,81.56,151.57,88.99,104.47,-2.73088903402,-3.01672800425,0.285838970237,25.580411485
SYK,Stryker Corp.,110.54,1317080,41.38B,86.68,123.55,114.95,112.03,-0.512234319585,-0.416678834721,-0.0955554848641,32.5052035505
STI,SunTrust Banks,43.39,3553290,21.75B,31.07,45.24,42.58,40.40,0.416966760987,0.272769674803,0.144197086184,63.1523911624
SYMC,Symantec Corp.,24.49,10975500,15.08B,16.14,25.19,22.61,19.55,0.828152339627,0.835116026675,-0.00696368704883,71.6599737461
SYF,Synchrony Financial,26.93,8952530,22.46B,23.25,34.60,27.62,28.37,-0.0521423979953,-0.0462411360455,-0.00590126194982,40.5246333628
SYY,Sysco Corp.,49.80,3618930,27.65B,38.34,53.97,52.08,49.04,0.0605375606963,0.237730120182,-0.177192559486,31.8790446628
TROW,T. Rowe Price Group,67.48,1391510,16.77B,63.57,79.00,69.51,72.62,-0.47686227056,-0.492495078727,0.015632808167,34.6240592311
TGT,Target Corp.,69.00,5487810,39.66B,65.50,84.14,72.69,75.13,-0.914970375411,-0.760596520868,-0.154373854543,35.9932559022
TEL,TE Connectivity Ltd.,60.98,1631440,21.68B,51.70,67.99,61.41,60.26,0.579047572211,0.822872236123,-0.243824663913,42.8053232138
TGNA,Tegna,21.12,1793130,4.53B,20.10,28.95,21.46,22.86,-0.243950599762,-0.378521934903,0.134571335141,47.9726425748
TDC,Teradata Corp.,29.79,1740780,3.88B,21.98,33.09,30.86,27.53,0.268689268067,0.607098989689,-0.338409721621,38.1325838407
TSO,Tesoro Petroleum Co.,79.14,2140130,9.46B,67.80,119.67,75.95,79.31,0.764145195296,0.144175201012,0.619969994284,57.6839132491
TXN,Texas Instruments,66.67,5441300,66.88B,45.33,72.58,69.57,61.63,0.617102836614,0.906243548856,-0.289140712242,57.2730398549
TXT,Textron Inc.,39.83,1393890,10.73B,30.69,43.93,39.98,37.85,0.355459577135,0.512404011483,-0.156944434349,44.1708291887
BK,The Bank of New York Mellon Corp.,40.93,4747740,43.70B,32.20,44.73,40.29,39.29,0.42492485414,0.431883905172,-0.00695905103153,53.5220291785
CLX,The Clorox Company,122.89,928738,15.91B,109.14,140.47,131.41,130.29,-1.39566985504,-0.812904614412,-0.582765240627,22.0569034612
KO,The Coca Cola Company,42.27,11552700,182.44B,37.85,47.13,43.77,44.80,-0.266805780119,-0.225714620858,-0.0410911592618,29.2801194818
HSY,The Hershey Company,96.18,1913860,20.50B,82.42,117.79,108.55,98.55,-3.29322299672,-1.82910217885,-1.46412081787,22.3751992958
MOS,The Mosaic Company,27.01,5500110,9.46B,22.02,39.67,28.19,27.33,0.139897244945,0.313640091524,-0.173742846578,42.2014010351
TRV,The Travelers Companies Inc.,114.44,1393640,32.99B,97.18,119.30,117.67,114.55,-0.0487089310758,0.227858732366,-0.276567663442,33.5314940628
DIS,The Walt Disney Company,92.42,7416080,148.53B,86.25,120.65,95.76,98.41,-0.94541596599,-0.746104953563,-0.199311012427,24.9034671822
TMO,Thermo Fisher Scientific,143.68,1344620,56.65B,117.10,160.68,154.58,148.00,-0.873623121264,-0.480750123819,-0.392872997445,38.4370272385
TIF,Tiffany & Co.,67.27,2036210,8.40B,56.99,84.19,66.80,66.67,1.17508574538,1.74254620651,-0.567460461137,46.1707734869
TWX,Time Warner Inc.,77.01,3616000,59.90B,55.53,81.33,79.10,74.59,-0.112177537045,0.235925172145,-0.348102709189,35.5348067397
TJX,TJX Companies Inc.,74.76,3412600,49.09B,63.53,83.64,79.60,77.32,-0.933086109203,-0.576641687537,-0.356444421666,27.9076769513
TMK,Torchmark Corp.,64.37,558347,7.71B,48.47,65.20,62.79,58.93,0.786019101239,0.737124037239,0.0488950640003,60.8308694934
TSS,Total System Services,49.08,1311190,9.02B,37.47,56.69,49.77,50.26,-0.124334018099,-0.398139624303,0.273805606205,45.0549469913
TSCO,Tractor Supply Company,68.42,1495910,9.15B,68.13,97.25,85.71,90.14,-3.36847223786,-1.99085271857,-1.37761951928,13.56035724
TDG,TransDigm Group,283.41,392897,15.10B,180.76,294.38,283.37,251.47,2.52498405059,3.09662856039,-0.571644509795,48.4527903827
RIG,Transocean,9.83,14887600,3.59B,7.67,17.19,10.37,10.44,-0.230619677822,-0.276703902562,0.0460842247396,43.9701011867
TRIP,TripAdvisor,61.72,1858730,8.99B,53.48,87.50,63.92,64.71,-0.845213394088,-1.05066614342,0.205452749335,42.4173038398
FOXA,Twenty-First Century Fox Class A,23.57,10054900,43.90B,22.66,31.40,25.59,27.81,-0.554794733964,-0.555813993556,0.00101925959255,25.2379655911
FOX,Twenty-First Century Fox Class B,24.12,2926790,44.92B,22.65,31.58,26.05,28.06,-0.608409588166,-0.599418403807,-0.00899118435894,26.0675909476
TYC,Tyco International,45.59,3424150,19.43B,28.94,46.19,44.69,40.50,0.0191154641893,0.0785113421344,-0.0593958779452,55.7085597582
TSN,Tyson Foods,72.26,2821220,27.61B,41.38,76.23,74.36,67.71,0.516055110782,0.966639616703,-0.450584505921,38.0549106923
USB,U.S. Bancorp,43.41,6308910,74.30B,37.07,44.58,42.97,41.62,0.393465013729,0.470589925328,-0.0771249115986,52.9200368389
UDR,UDR Inc,34.49,1733770,9.21B,32.02,38.61,36.52,36.22,-0.252961553958,-0.152321998635,-0.100639555323,30.9669581795
ULTA,Ulta Salon Cosmetics & Fragrance Inc,238.73,777966,14.89B,146.77,278.63,259.54,224.01,-4.59920281546,-1.81635672934,-2.78284608612,30.9023947547
UA,Under Armour,38.36,4617700,16.77B,31.61,52.94,40.73,40.56,-0.493898803802,-0.0859807277577,-0.407918076044,37.5189967692
UNP,Union Pacific,92.72,3863460,77.23B,67.06,98.28,93.84,86.52,0.662228402505,0.922110234769,-0.259881832263,41.6615272894
UAL,United Continental Holdings,52.45,5289680,16.91B,37.41,62.21,48.28,49.39,1.65130319329,1.17410453566,0.47719865763,64.0819229841
UNH,United Health Group Inc.,133.62,2942920,127.26B,107.51,144.48,140.31,134.16,-1.80217561964,-1.32586610365,-0.476309515986,26.5104211971
UPS,United Parcel Service,107.63,2411780,94.51B,87.30,111.83,109.33,105.47,-0.0957618141481,0.101720847684,-0.197482661832,35.1199414718
URI,United Rentals Inc.,77.90,1817910,6.71B,41.90,84.63,79.75,67.72,1.37130831316,1.79312574673,-0.421817433573,43.8070286098
UTX,United Technologies,102.68,3394550,85.94B,83.39,109.83,107.69,102.41,0.242514559577,0.655358178588,-0.41284361901,45.6394570611
UHS,Universal Health Services Inc.,120.11,737575,11.70B,100.82,141.19,124.94,127.37,-2.01723702158,-2.45929459675,0.442057575162,39.4604888249
UNM,Unum Group,35.25,1772440,8.27B,23.99,37.26,34.11,33.08,0.475984283406,0.499581927814,-0.0235976444075,60.5985298152
URBN,Urban Outfitters,36.08,2431730,4.23B,19.26,37.82,32.81,30.10,1.30690480599,1.57315962729,-0.266254821299,61.868119015
VFC,V.F. Corp.,58.43,2381290,24.23B,52.21,73.81,62.40,63.24,-0.894951793511,-0.328976191317,-0.565975602194,29.5963484759
VLO,Valero Energy,54.92,6442120,25.34B,46.88,73.88,54.03,56.59,0.643281558909,0.73396280365,-0.090681244741,52.3604629383
VAR,Varian Medical Systems,93.63,711925,8.74B,71.07,97.48,94.25,85.06,1.14531574687,1.47132291632,-0.326007169446,45.3616356521
VTR,Ventas Inc,68.86,2102030,24.19B,46.87,76.80,73.62,67.16,-0.327725131299,-0.0106396073437,-0.317085523955,32.836511282
VRSN,Verisign Inc.,74.86,1026930,7.99B,67.04,93.94,79.74,84.67,-1.57179571745,-1.91713691736,0.345341199908,39.5382780909
VRSK,Verisk Analytics,81.96,630116,13.85B,64.79,86.00,82.91,79.64,0.151574430633,0.154677668058,-0.00310323742477,42.9897913058
VZ,Verizon Communications,51.82,13387200,211.23B,42.20,56.95,53.53,52.80,-0.290067240131,-0.379765467865,0.0896982277333,36.9382455361
VRTX,Vertex Pharmaceuticals Inc,93.68,1307020,23.21B,75.90,136.97,98.09,89.22,-0.465104139934,0.0721223905754,-0.537226530509,41.0359352141
VIAB,Viacom Inc.,37.16,3567410,14.74B,30.11,53.35,42.49,41.47,-1.16683600762,-0.878517608769,-0.28831839885,26.6951214736
V,Visa Inc.,81.33,8893080,191.94B,66.12,83.63,80.30,77.67,0.804345569842,0.745318401587,0.0590271682547,53.9495023191
VNO,Vornado Realty Trust,99.45,865595,18.78B,78.91,108.69,103.92,97.38,-0.192956778544,0.0200000012753,-0.21295677982,34.9511676236
VMC,Vulcan Materials,107.87,1016360,14.35B,78.83,127.20,118.35,113.54,-1.60947004378,-1.06120558575,-0.548264458025,33.136966451
WMT,Wal-Mart Stores,70.30,8555870,217.46B,56.30,75.19,72.81,70.31,-0.385341823338,-0.2825078629,-0.102833960438,52.3567121965
WBA,Walgreens Boots Alliance,82.92,4965690,89.75B,71.50,95.74,81.40,81.14,-0.172936426252,-0.0303890043838,-0.142547421868,51.2602008301
WM,Waste Management Inc.,62.75,2052360,27.75B,48.98,70.50,65.43,61.89,-0.564015329901,-0.444899623319,-0.119115706582,31.6783646533
WAT,Waters Corporation,151.13,461909,12.18B,112.00,162.53,157.47,140.45,0.40174531596,1.26426626596,-0.862520949995,36.0014480653
WFC,Wells Fargo,48.72,18070100,245.82B,44.50,56.34,48.73,48.73,0.408217929112,0.444395415379,-0.0361774862672,46.0357836305
HCN,Welltower Inc.,73.75,1980600,26.40B,52.80,80.19,77.37,72.21,-0.173978112348,-0.0105397922262,-0.163438320122,35.8659304259
WDC,Western Digital,51.59,5237700,14.67B,34.99,86.39,47.45,45.85,1.07413568835,0.255153815852,0.8189818725,63.1857767566
WU,Western Union Co,20.75,3204880,10.12B,16.02,21.80,20.86,19.66,0.224261873999,0.319535106713,-0.0952732327135,42.217368645
WRK,Westrock Co,46.49,1797180,11.56B,29.73,62.99,44.67,40.16,1.32223009777,1.43397067414,-0.111740576373,52.1119468752
WY,Weyerhaeuser Corp.,30.31,4639460,22.69B,22.06,33.17,31.99,30.67,-0.0993847408937,-0.0238244442151,-0.0755602966785,34.5022550462
WHR,Whirlpool Corp.,166.72,843344,12.58B,123.60,194.10,185.92,176.15,-2.47158548015,-1.16272157833,-1.30886390182,27.8428253466
WFM,Whole Foods Market,28.60,6146970,9.12B,28.07,35.58,30.84,31.50,-0.50692766841,-0.357643154247,-0.149284514163,30.8051602603
WMB,Williams Cos.,30.04,12405700,22.55B,10.22,47.05,26.58,21.29,1.32962460948,1.1923440626,0.137280546878,66.6022467609
WLTW,Willis Towers Watson,122.04,615884,16.85B,104.11,129.70,123.33,122.44,0.635269851263,0.473430868002,0.161838983261,43.0350416929
WEC,Wisconsin Energy Corporation,59.09,1831660,18.65B,47.64,66.10,62.11,60.66,-0.656749451131,-0.713552192847,0.0568027417162,37.1576787581
WYN,Wyndham Worldwide,66.88,1247370,7.35B,60.59,82.99,70.86,71.99,-0.545152259625,-0.250126018615,-0.29502624101,27.6207672042
WYNN,Wynn Resorts Ltd,98.41,2857240,9.98B,49.95,105.69,97.07,93.80,-0.751037826267,-1.21943381142,0.468395985154,57.4571232903
XEL,Xcel Energy Inc,40.78,3088550,20.71B,32.73,45.42,42.60,41.80,-0.358753544495,-0.372557638929,0.0138040944341,36.122846653
XRX,Xerox Corp.,9.59,5628800,9.72B,8.48,11.39,9.85,9.99,-0.00210796139185,0.00249364283722,-0.00460160422907,40.7944130494
XLNX,Xilinx Inc,52.08,2074780,13.20B,40.44,54.82,52.29,47.82,0.742891423322,1.06951765762,-0.326626234303,42.9266499477
XL,XL Capital,34.29,2239030,9.43B,30.33,40.48,33.88,34.25,0.391110558148,0.301737898466,0.0893726596818,52.8869758133
XYL,Xylem Inc.,48.65,1098270,8.72B,31.27,51.79,49.19,44.27,0.941676935374,1.01147410295,-0.069797167575,63.1026009763
YHOO,Yahoo Inc.,42.92,11145800,40.85B,26.15,44.92,41.24,37.49,1.02831741326,1.05343739543,-0.0251199821717,57.0243795686
YUM,Yum! Brands Inc,86.97,2967800,33.91B,64.58,91.99,89.71,83.40,0.228600167334,0.612803488212,-0.384203320878,34.9939682042
ZBH,Zimmer Biomet Holdings,125.29,1585680,25.06B,88.27,133.19,128.78,117.06,0.292727839983,0.67523729125,-0.382509451266,38.854330293
ZION,Zions Bancorp,30.57,3352570,6.27B,19.65,31.28,28.85,26.46,0.788330539362,0.792197665077,-0.00386712571494,68.2897889698
ZTS,Zoetis,50.39,3227600,24.95B,38.26,52.64,51.09,47.31,0.151520544985,0.264452076198,-0.112931531213,43.9027220614
